link;Артикул;Тип;Цоколь;Мощность;Цветовая температура;Серия;Количество в упаковке;Гарантия;Тип лампы;Световой поток Лм;Индекс цветопередачи;Рабочее напряжение;Размеры;Время работы, ч;Аналог лампы накаливания;Аналог галогеновой лампы;Аналог КЛЛ;Угол светового пучка;Форма;
http://gauss.ru/product/lampa-gauss-led-elementary-gx53/;83816;GX;GX53;6 Вт;2700K;Elementary;1/100;1 год;;;;;;;;;;;;
http://gauss.ru/product/lampa-gauss-led-elementary-gx53-2/;83826;GX;GX53;6 Вт;;Elementary;1/100;1 год;GX53;;;;;;;;;;;
http://gauss.ru/product/7537/;83819;GX;GX53;9 Вт;2700K;Elementary;;1 год;;660;80;;;;;;;;;
http://gauss.ru/product/lampa-gauss-elementary-gx53/;83829;GX;GX53;9 Вт;4100K;Elementary;;1 год;GX53;680;80;;;;;;;;;
http://gauss.ru/product/lampa-gauss-elementary-led/;23210;шар;E27;10 Вт;;Elementary;40;1 год;;;80;150-265V;60х110;25 000;75 Вт;75 Вт;15 Вт;;;
http://gauss.ru/product/lampa-gauss-elementary-led-2/;23220;шар;E27;10 Вт;;Elementary;40;1 год;;;80;150-265V;60х110;25 000;75 Вт;75 Вт;15 Вт;;;
http://gauss.ru/product/lampa-gauss-led-elementary-a60/;23212;шар;E27;12 Вт;2700K;Elementary;1/10/40;1 год;;;;;;;;;;;;
http://gauss.ru/product/lampa-gauss-led-elementary/;23222;шар;E27;12 Вт;4100K;Elementary;1/10/40;1 год;;;;;;;100 Вт;;;;;
http://gauss.ru/product/lampa-gauss-led-elementary-2/;23219;шар;E27;20 Вт;2700K;Elementary;;1 год;;;;;;;150 Вт;;;;;
http://gauss.ru/product/lampa-gauss-elementary-led-7/;23229;шар;E27;20 Вт;;Elementary;10;1 год;;;80;150-265V;60х125;25 000;;;;;;
http://gauss.ru/product/lampa-gauss-elementary-led-8/;23239;шар;E27;20 Вт;;Elementary;10;1 год;;;80;150-265V;60х125;25 000;;;;;;
http://gauss.ru/product/lampa-gauss-led-elementary-candle/;33116;свеча;E14;6 Вт;2700K;Elementary;10;1 год;;420;80;180-240V;38х110;25 000;60 Вт;50 Вт;11 Вт;240°;;
http://gauss.ru/product/lampa-gauss-led-elementary-candle-2/;33126;свеча;E14;6 Вт;4100K;Elementary;10;1 год;;450;80;180-240V;38х110;25 000;60 Вт;50 Вт;11 Вт;240°;;
http://gauss.ru/product/lampa-gauss-led-elementary-candle-3/;33216;свеча;E27;6 Вт;2700K;Elementary;10;1 год;;420;80;180-240V;38х110;25 000;60 Вт;50 Вт;11 Вт;240°;;
http://gauss.ru/product/lampa-gauss-led-elementary-candle-4/;33226;свеча;E27;6 Вт;4100K;Elementary;10;1 год;;450;80;180-240V;38х110;25 000;60 Вт;50 Вт;11 Вт;240°;;
http://gauss.ru/product/7721/;33118;свеча;E14;8 Вт;2700K;Elementary;10;1 год;;520;80;180-240V;37х98;25000;75 Вт;;;240°;;
http://gauss.ru/product/lampa-gauss-led-elementary-candle-9/;33128;свеча;E14;8 Вт;4100K;Elementary;10;1 год;;540;80;180-240V;37х98;25000;75 Вт;;;240°;;
http://gauss.ru/product/lampa-gauss-led-elementary-candle-10/;33218;свеча;E27;8 Вт;2700K;Elementary;10;1 год;;520;80;180-240V;37х98;25000;75 Вт;;;240°;;
http://gauss.ru/product/lampa-gauss-led-elementary-candle-11/;33228;свеча;E27;8 Вт;4100K;Elementary;10;1 год;;540;80;180-240V;37х98;25000;75 Вт;;;240°;;
http://gauss.ru/product/lampa-gauss-led-elementary-candle-5/;34116;свеча на ветру;E14;6 Вт;2700K;Elementary;10;1 год;;420;80;;38х130;25000;60 Вт;;;240°;;
http://gauss.ru/product/lampa-gauss-led-elementary-candle-6/;34126;свеча на ветру;E14;6 Вт;4100K;Elementary;10;1 год;;450;80;;38х130;25000;60 Вт;;;240°;;
http://gauss.ru/product/lampa-gauss-led-elementary-candle-7/;34118;свеча на ветру;E14;8 Вт;2700K;Elementary;10;1 год;;520;80;;37х125;25000;75 Вт;;;240°;;
http://gauss.ru/product/lampa-gauss-led-elementary-candle-8/;34128;свеча на ветру;E14;8 Вт;4100K;Elementary;10;1 год;;540;80;;37х125;25000;75 Вт;;;240°;;
http://gauss.ru/product/lampa-gauss-led-elementary-mr16-2/;13616;софитная;GU10;5.5 Вт;2700K;Elementary;1/100;1 год;;430;80;180-240V;50х45;25 000;;50 Вт;;;;
http://gauss.ru/product/lampa-gauss-led-elementary-mr16-3/;13626;софитная;GU10;5.5 Вт;4100K;Elementary;1/10/100;1 год;;450;80;180-240V;50х45;25 000;;50 Вт;;;;
http://gauss.ru/product/lampa-gauss-led-elementary-mr16/;13514;софитная;GU5.3;3.5 Вт;2700K;Elementary;10;1 год;;290;80;150-265V;50х45;25 000;25 Вт;35 Вт;7 Вт;;;
http://gauss.ru/product/lampa-gauss-led-elementary-mr17/;13524;софитная;GU5.3;3.5 Вт;4100K;Elementary;10;1 год;;300;80;150-265V;50х45;25 000;25 Вт;35 Вт;7 Вт;;;
http://gauss.ru/product/lampa-gauss-led-elementary-mr18/;13516;софитная;GU5.3;5.5 Вт;2700K;Elementary;10;1 год;;430;80;150-265V;50х45;25 000;60 Вт;50 Вт;11 Вт;120°;;
http://gauss.ru/product/lampa-gauss-led-elementary-mr19/;13526;софитная;GU5.3;5.5 Вт;4100K;Elementary;10;1 год;;450;80;150-265V;50х45;25 000;60 Вт;50 Вт;11 Вт;120°;;
http://gauss.ru/product/lampa-gauss-led-elementary-mr16-4/;13517;софитные;GU5.3;7 Вт;2700K;Elementary;1/10/100;1 год;GU5.3;;;;;;;;;120°;;
http://gauss.ru/product/lampa-gauss-led-elementary-mr16-5/;13527;софитные;GU5.3;7 Вт;4100K;Elementary;1/10/100;1 год;GU5.3;;;;;;;;;120°;;
http://gauss.ru/product/lampa-gauss-led-elementary-globe/;53116;шар;E14;6 Вт;2700K;Elementary;10;1 год;;420;80;180-240V;45х82;25 000;60 Вт;50 Вт;11 Вт;240°;;
http://gauss.ru/product/lampa-gauss-led-elementary-globe-2/;53126;шар;E14;6 Вт;4100K;Elementary;10;1 год;;450;80;180-240V;45х82;25 000;60 Вт;50 Вт;11 Вт;240°;;
http://gauss.ru/product/lampa-gauss-led-elementary-globe-3/;53216;шар;E27;6 Вт;2700K;Elementary;10;1 год;;420;80;180-240V;45х82;25 000;60 Вт;50 Вт;11 Вт;240°;;
http://gauss.ru/product/lampa-gauss-led-elementary-globe-4/;53226;шар;E27;6 Вт;4100K;Elementary;10;1 год;;450;80;180-240V;45х82;25 000;60 Вт;50 Вт;11 Вт;240°;;
http://gauss.ru/product/lampa-gauss-led-elementary-globe-5/;53118;шар;E14;8 Вт;2700K;Elementary;10;1 год;;520;80;;45х82;25000;;;;;;
http://gauss.ru/product/lampa-gauss-led-elementary-3/;53128;шар;E14;8 Вт;4100K;Elementary;10;1 год;;540;80;;45х82;25000;;;;;;
http://gauss.ru/product/lampa-gauss-led-elementary-globe-6/;53218;шар;E27;8 Вт;2700K;Elementary;10;1 год;;520;80;;45х82;25000;;;;;;
http://gauss.ru/product/lampa-gauss-led-elementary-globe-7/;53228;шар;E27;8 Вт;4100K;Elementary;10;1 год;;540;80;;45х82;25000;;;;;;
http://gauss.ru/product/lampa-gauss-led-g95-dim/;EB136102114-D;шар;E14;14 Вт;;Gauss;10;3 года;;;90;175-265V;95х128;35 000;120 Вт;120 Вт;25 Вт;;;
http://gauss.ru/product/lampa-gauss-led-g95-dim-2/;EB136102214-D;шар;E14;14 Вт;;Gauss;10;3 года;;;90;175-265V;95х128;35 000;120 Вт;120 Вт;25 Вт;;;
http://gauss.ru/product/lampa-gauss-led-mr16/;101505105-D;софитная;GU5.3;5 Вт;;Gauss;10;3 года;;;90;175-265V;50х45;35 000;60 Вт;50 Вт;11 Вт;;;
http://gauss.ru/product/lampa-gauss-led-mr16-2/;101505205-D;софитная;GU5.3;5 Вт;;Gauss;10;3 года;;;90;175-265V;50х45;35 000;60 Вт;50 Вт;11 Вт;;;
http://gauss.ru/product/lampa-gauss-led-reflector-r39/;106001104;;E14;4 Вт;2700K;Gauss;10;3 года;;350;90;150-265V;40х60;35 000;40 Вт;35 Вт;9 Вт;120°;;
http://gauss.ru/product/lampa-gauss-led-reflector-r39-2/;106001204;;E14;4 Вт;4100K;Gauss;10;3 года;;370;90;150-265V;40х60;35 000;40 Вт;35 Вт;9 Вт;120°;;
http://gauss.ru/product/lampa-gauss-led-reflector-r50/;106001106;;E14;6 Вт;2700K;Gauss;10;3 года;;500;90;150-265V;50х80;35 000;60 Вт;50 Вт;11 Вт;120°;;
http://gauss.ru/product/lampa-gauss-led-reflector-r50-2/;106001206;;E14;6 Вт;4100K;Gauss;10;3 года;;530;90;150-265V;50х80;35 000;60 Вт;50 Вт;11 Вт;120°;;
http://gauss.ru/product/lampa-gauss-led-reflector-r63/;106002109;;E27;9 Вт;2700K;Gauss;10;3 года;;660;90;150-265V;63х100;35 000;75 Вт;75 Вт;15 Вт;120°;;
http://gauss.ru/product/lampa-gauss-led-reflector-r63-2/;106002209;;E27;9 Вт;4100K;Gauss;10;3 года;;700;90;150-265V;63х100;35 000;75 Вт;75 Вт;15 Вт;120°;;
http://gauss.ru/product/lampa-gauss-led-g4-3/;207707102;капсулы;G4;2 Вт;2700K;Gauss;1/20/200;1 год;;190;90;220-240V;10х37;35 000;;;;;;
http://gauss.ru/product/lampa-gauss-led-g4-4/;207707202;капсулы;G4;2 Вт;4100K;Gauss;1/20/200;1 год;;200;90;220-240V;10*37;35 000;;;;;;
http://gauss.ru/product/lampa-gauss-led-g4/;207707103;капсулы;G4;3 Вт;2700K;Gauss;1/20/200;1 год;G4;230;90;;15*41;35 000;;;;;;
http://gauss.ru/product/lampa-gauss-led-g4-12v-4/;207707203;капсулы;G4;3 Вт;4100K;Gauss;1/20/200;1 год;;250;90;12V;15х41;35 000;25 Вт;35 Вт;7 Вт;;;
http://gauss.ru/product/lampa-gauss-led-g4-7/;107707103;капсулы;G4;3 Вт;2700K;Gauss;1/20/200;1 год;;230;90;220-240V;10х37;35 000;25 Вт;25 Вт;7 Вт;;;
http://gauss.ru/product/lampa-gauss-led-g4-2/;107707203;капсулы;G4;3 Вт;4000K;Gauss;;1 год;;250;90;220-240V;15х41;35 000;25 Вт;35 Вт;7 Вт;;;
http://gauss.ru/product/lampa-gauss-led-g4-5/;107707102;капсулы;G4;2 Вт;2700K;Gauss;;1 год;;190;90;220-240V;10х37;35 000;25 Вт;25 Вт;7 Вт;;;
http://gauss.ru/product/lampa-gauss-led-g4-6/;107707202;капсулы;G4;2 Вт;4100K;Gauss;;1 год;;200;90;220-240V;10х37;35 000;25 Вт;25 Вт;7 Вт;;;
http://gauss.ru/product/lampa-gauss-led-g9-5/;107709103;капсулы;G9;3 Вт;2700K;Gauss;;1 год;;230;90;220-240V;15х49;35 000;25 Вт;35 Вт;7 Вт;;;
http://gauss.ru/product/lampa-gauss-led-g9-6/;107709203;капсулы;G9;3 Вт;4100K;Gauss;1/20/200;1 год;;250;90;220-240V;15х49;35 000;25 Вт;35 Вт;7 Вт;;;
http://gauss.ru/product/lampa-gauss-led-g9-3/;107309103;капсулы;G9;3 Вт;2700K;Gauss;1/20/200;1 год;;280;90;220-240V;15х49;35 000;25 Вт;35 Вт;7 Вт;;;
http://gauss.ru/product/lampa-gauss-led-g9-4/;107309203;капсулы;G9;3 Вт;4100K;Gauss;1/20/200;1 год;;300;90;220-240V;15х49;35 000;25 Вт;35 Вт;7 Вт;;;
http://gauss.ru/product/lampa-gauss-led-g9/;107409103;капсулы;G9;3 Вт;;Gauss;;3 года;;;90;220-240V;15х49;35 000;25 Вт;35 Вт;7 Вт;;;
http://gauss.ru/product/lampa-gauss-led-g9-2/;107409203;капсулы;G9;3 Вт;4000K;Gauss;;1 год;;250;90;220-240V;15х49;35 000;25 Вт;35 Вт;7 Вт;;;
http://gauss.ru/product/lampa-gauss-led-gy6-35/;107719103;капсулы;GY6.35;3 Вт;2700K;Gauss;;1 год;;230;90;220-240V;15х41;35 000;25 Вт;35 Вт;7 Вт;;;
http://gauss.ru/product/lampa-gauss-led-gy6-36/;107719203;капсулы;GY6.35;3 Вт;4100K;Gauss;1/20/200;1 год;;250;90;220-240V;15х41;35 000;25 Вт;35 Вт;7 Вт;;;
http://gauss.ru/product/lampa-gauss-led-gx53/;108008106;GX;GX53;6 Вт;;Gauss;;3 года;;;90;150-265V;75х27;35 000;60 Вт;50 Вт;11 Вт;;;
http://gauss.ru/product/lampa-gauss-led-gx53-2/;108008206;GX;GX53;6 Вт;;Gauss;;3 года;;;90;150-265V;75х27;35 000;60 Вт;50 Вт;11 Вт;;;
http://gauss.ru/product/lampa-gauss-led-gx53-4/;108008108;GX;GX53;8 Вт;2700K;Gauss;;3 года;;680;90;;;;;;;;;
http://gauss.ru/product/lampa-gauss-led-gx53-3/;108008208;GX;GX53;8 Вт;4100K;Gauss;;3 года;GX53;690;90;;;;;;;;;
http://gauss.ru/product/lampa-gauss-led-gx70/;131016112;GX;GX70;12 Вт;;Gauss;;3 года;;;90;150-265V;110х37;35 000;100 Вт;75 Вт;20 Вт;;;
http://gauss.ru/product/lampa-gauss-led-gx70-2/;131016212;GX;GX70;12 Вт;;Gauss;;3 года;;;90;150-265V;110х37;35 000;100 Вт;75 Вт;20 Вт;;;
http://gauss.ru/product/lampa-gauss-led-a60-globe/;102502107;шар;E27;7 Вт;;Gauss;;3 года;;;90;150-265V;60х120;35 000;60 Вт;;;;;
http://gauss.ru/product/lampa-gauss-led-a60-globe-2/;102502207;шар;E27;7 Вт;;Gauss;;3 года;;;90;150-265V;60х120;35 000;60 Вт;;;;;
http://gauss.ru/product/lampa-gauss-led-a60-globe-3/;102502112;шар;E27;12 Вт;;Gauss;;3 года;;;90;150-265V;60х125;35 000;100 Вт;75 Вт;20 Вт;;;
http://gauss.ru/product/lampa-gauss-led-a60-globe-4/;102502212;шар;E27;12 Вт;;Gauss;;3 года;;;90;150-265V;60х120;35 000;100 Вт;75 Вт;20 Вт;;;
http://gauss.ru/product/gauss-led-candle-7w-dimmable/;103101107-D;;E14;7 Вт;3000K;Gauss;;3 года;;560;90;150-265V;38*110;35 000;;;;240°;;
http://gauss.ru/product/gauss-led-candle-dimmable/;103101207-D;;E14;7 Вт;4100K;Gauss;;3 года;;590;90;150-265V;38*110;35 000;;;;240°;;
http://gauss.ru/product/lampa-gauss-led-candle-3/;103102107;свеча;E27;6.5 Вт;2700K;Gauss;10;3 года;;520;90;150-265V;35х105;35 000;60 Вт;50 Вт;11 Вт;240°;;
http://gauss.ru/product/lampa-gauss-led-candle-4/;103102207;свеча;E27;6.5 Вт;4100K;Gauss;10;3 года;;550;90;150-265V;35х105;35 000;60 Вт;50 Вт;11 Вт;240°;;
http://gauss.ru/product/lampa-gauss-led-candle-tailed/;104101107;свеча на ветру;E14;6.5 Вт;2700K;Gauss;10;3 года;;520;90;150-265V;35х125;35 000;60 Вт;50 Вт;11 Вт;240°;;
http://gauss.ru/product/lampa-gauss-led-candle-tailed-2/;104101207;свеча на ветру;E14;6.5 Вт;4100K;Gauss;10;3 года;;550;90;150-265V;35х125;35 000;60 Вт;50 Вт;11 Вт;240°;;
http://gauss.ru/product/lampa-gauss-led-mr11/;132517103;софитные;GU4;3 Вт;2700K;Gauss;10;3 года;;290;90;150-265V;35х45;35 000;60 Вт;35 Вт;11 Вт;;;
http://gauss.ru/product/lampa-gauss-led-mr11-2/;132517203;софитные;GU4;3 Вт;4100K;Gauss;10;3 года;;300;90;150-265V;35х45;35 000;60 Вт;35 Вт;11 Вт;;;
http://gauss.ru/product/lampa-gauss-led-mr16-3/;101506105;софитные;GU10;5 Вт;2700K;Gauss;10;3 года;;500;90;150-265V;50х54;35 000;60 Вт;50 Вт;11 Вт;120°;;
http://gauss.ru/product/lampa-gauss-led-mr16-4/;101506205;софитные;GU10;5 Вт;4100K;Gauss;10;3 года;;530;90;150-265V;50х54;35 000;60 Вт;50 Вт;11 Вт;120°;;
http://gauss.ru/product/lampa-gauss-led-mr16-11/;101506107;софитные;GU10;7 Вт;2700K;Gauss;10;3 года;;600;90;150-265V;50х45;35 000;60 Вт;75 Вт;11 Вт;120;;
http://gauss.ru/product/lampa-gauss-led-mr16-12/;101506207;софитные;GU10;7 Вт;4100K;Gauss;10;3 года;;630;90;150-265V;50х45;35 000;60 Вт;75 Вт;11 Вт;120;;
http://gauss.ru/product/lampa-gauss-led-mr16-5/;201505105;софитные;GU5.3;5 Вт;2700K;Gauss;;3 года;;500;90;12V;50х45;35 000;60 Вт;50 Вт;11 Вт;;;
http://gauss.ru/product/lampa-gauss-led-mr16-6/;201505205;софитные;GU5.3;5 Вт;4100K;Gauss;10;3 года;;530;90;12V;50х45;35 000;60 Вт;50 Вт;11 Вт;120°;;
http://gauss.ru/product/lampa-gauss-led-mr16-7/;101505105;софитные;GU5.3;5 Вт;2700K;Gauss;10;3 года;;500;90;150-265V;50х45;35 000;60 Вт;50 Вт;11 Вт;120°;;
http://gauss.ru/product/lampa-gauss-led-mr16-8/;101505205;софитные;GU5.3;5 Вт;4100K;Gauss;10;3 года;;530;90;150-265V;50х45;35 000;60 Вт;50 Вт;11 Вт;120°;;
http://gauss.ru/product/lampa-gauss-led-mr16-9/;101505107;софитные;GU5.3;7 Вт;2700K;Gauss;10;3 года;;600;90;150-265V;50х45;35 000;60 Вт;75 Вт;11 Вт;120;;
http://gauss.ru/product/lampa-gauss-led-mr16-10/;101505207;софитные;GU5.3;7 Вт;4100K;Gauss;10;3 года;;630;90;150-265V;50х45;35 000;60 Вт;75 Вт;11 Вт;120;;
http://gauss.ru/product/lampa-gauss-led-filament-a60-5/;102802106;;E27;6 Вт;2700K;Gauss;1/10/40;3 года;;600;90;150-265V;60х105 мм;35 000;;;;360°;;
http://gauss.ru/product/lampa-gauss-led-filament-a60-6/;102802206;;E27;6 Вт;4100K;Gauss;1/10/40;3 года;;630;90;150-265V;60х105 мм;35 000;;;;360°;;
http://gauss.ru/product/lampa-gauss-led-filament-candle-dimmable/;103801105-D;;E14;5 Вт;2700K;Gauss;1/10/50;3 года;;420;90;185-265V;35х97 мм;35 000;;;;;;
http://gauss.ru/product/lampa-gauss-led-filament-candle-dimmable-2/;103801205-D;;E14;5 Вт;4100K;Gauss;1/10/50;3 года;;450;90;185-265V;35х97 мм;35 000;;;;;;
http://gauss.ru/product/8019/;104801105-D;свеча на ветру;E14;5 Вт;2700K;Gauss;1/10/50;3 года;;420;90;185-265V;35х120 мм;35 000;;;;;;
http://gauss.ru/product/lampa-gauss-led-filament-candle-tailed-3/;104801005;свеча на ветру;E14;5 Вт;2700K;Gauss;1/10/50;3 года;;;;;;;;;;;;
http://gauss.ru/product/8023/;104801205-D;свеча на ветру;E14;5 Вт;4100K;Gauss;1/10/50;3 года;;450;90;185-265V;35х120 мм;35 000;;;;;;
http://gauss.ru/product/lampa-gauss-led-filament-g95/;105802106;шар;E27;6 Вт;;Gauss;10;3 года;;;90;185-265V;35x122;35 000;60 Вт;50 Вт;11 Вт;;;
http://gauss.ru/product/lampa-gauss-led-filament-g95-2/;105802006;шар;E27;6 Вт;;Gauss;10;3 года;;;90;185-265V;35x122;35 000;60 Вт;50 Вт;11 Вт;;;
http://gauss.ru/product/lampa-gauss-led-filament-globe/;105801105;шар;E14;5 Вт;;Gauss;10;3 года;;;90;185-265V;35x122;35 000;60 Вт;50 Вт;11 Вт;;;
http://gauss.ru/product/lampa-gauss-led-filament-globe-2/;105801205;шар;E14;5 Вт;;Gauss;10;3 года;;;90;185-265V;35x122;35 000;60 Вт;50 Вт;11 Вт;;;
http://gauss.ru/product/lampa-gauss-led-filament-globe-dimmable/;105802105-D;шар;E27;5 Вт;2700K;Gauss;1/10/50;3 года;;420;90;185-265V;45х80 мм;35 000;;;;;;
http://gauss.ru/product/lampa-gauss-led-filament-globe-dimmable-2/;105802205-D;шар;E27;5 Вт;4100K;Gauss;1/10/50;3 года;;450;90;185-265V;45х80 мм;35 000;;;;;;
http://gauss.ru/product/lampa-gauss-led-filament-st64/;102802006;шар;E27;6 Вт;;Gauss;10;3 года;;;90;185-265V;35x122;35 000;60 Вт;50 Вт;11 Вт;;;
http://gauss.ru/product/gauss-led-globe/;105101107-D;;E14;7 Вт;3000K;Gauss;;3 года;;560;90;150-265V;45*80;35 000;;;;240°;;
http://gauss.ru/product/gauss-led-globe-2/;105101207-D;;E14;7 Вт;4100K;Gauss;;3 года;;590;90;150-265V;45*80;35 000;;;;240°;;
http://gauss.ru/product/gauss-led-globe-3/;105102107-D;;E27;7 Вт;3000K;Gauss;;3 года;;560;90;150-265V;45*78;35 000;;;;240°;;
http://gauss.ru/product/gauss-led-globe-4/;105102207-D;;E27;7 Вт;4100K;Gauss;;3 года;;590;90;150-265V;45*78;35 000;;;;240°;;
http://gauss.ru/product/blok-pitaniya-led-strip-ps-12v/;202003100;блок питания IP20;;100 Вт;;Gauss;;1 год;;;;220-240V;160x98x38;;;;;;;
http://gauss.ru/product/blok-pitaniya-led-strip-ps-12v-2/;202003150;блок питания IP20;;150 Вт;;Gauss;;1 год;;;;220-240V;199x98x42;;;;;;;
http://gauss.ru/product/blok-pitaniya-led-strip-ps-12v-3/;202003015;блок питания IP20;;15 Вт;;Gauss;;1 год;;;;220-240V;77х48х20;;;;;;;
http://gauss.ru/product/blok-pitaniya-led-strip-ps-12v-4/;202003250;блок питания IP20;;250 Вт;;Gauss;;1 год;;;;220-240V;200x110x50;;;;;;;
http://gauss.ru/product/blok-pitaniya-led-strip-ps-12v-5/;202003030;блок питания IP20;;30 Вт;;Gauss;;1 год;;;;220-240V;85x58x38;;;;;;;
http://gauss.ru/product/blok-pitaniya-led-strip-ps-12v-6/;202003400;блок питания IP20;;400 Вт;;Gauss;;1 год;;;;220-240V;260х102х65;;;;;;;
http://gauss.ru/product/blok-pitaniya-led-strip-ps-12v-7/;202003040;блок питания IP20;;40 Вт;;Gauss;;1 год;;;;220-240V;110x78x35;;;;;;;
http://gauss.ru/product/blok-pitaniya-led-strip-ps-12v-8/;202003060;блок питания IP20;;60 Вт;;Gauss;;1 год;;;;220-240V;110x78x35;;;;;;;
http://gauss.ru/product/blok-pitaniya-dlya-svetodiodnoj-lenty-pylevlagozashhishhennyj-12v-ip66/;202023100;блок питания IP66;;100 Вт;;Gauss;;1 год;;;;220-240V;230х72х45;;;;;;;
http://gauss.ru/product/blok-pitaniya-dlya-svetodiodnoj-lenty-pylevlagozashhishhennyj-12v-ip66-2/;202023150;блок питания IP66;;150 Вт;;Gauss;;1 год;;;;220-240V;230х72х45;;;;;;;
http://gauss.ru/product/blok-pitaniya-dlya-svetodiodnoj-lenty-pylevlagozashhishhennyj-12v-ip66-3/;202023015;блок питания IP66;;15 Вт;;Gauss;;1 год;;;;220-240V;120х30х20;;;;;;;
http://gauss.ru/product/blok-pitaniya-dlya-svetodiodnoj-lenty-pylevlagozashhishhennyj-12v-ip66-4/;202023200;блок питания IP66;;200 Вт;;Gauss;;1 год;;;;220-240V;230х120х58;;;;;;;
http://gauss.ru/product/blok-pitaniya-dlya-svetodiodnoj-lenty-pylevlagozashhishhennyj-12v-ip66-5/;202023030;блок питания IP66;;30 Вт;;Gauss;;1 год;;;;220-240V;200х30х20;;;;;;;
http://gauss.ru/product/blok-pitaniya-dlya-svetodiodnoj-lenty-pylevlagozashhishhennyj-12v-ip66-6/;202023040;блок питания IP66;;40 Вт;;Gauss;;1 год;;;;220-240V;200х30х20;;;;;;;
http://gauss.ru/product/blok-pitaniya-dlya-svetodiodnoj-lenty-pylevlagozashhishhennyj-12v-ip66-7/;202023060;блок питания IP66;;60 Вт;;Gauss;;1 год;;;;220-240V;175х72х45;;;;;;;
http://gauss.ru/product/konnektor-dlya-svetodiodnoj-lenty-5050-1-500/;PC205200000;;;;;Gauss;;;;;;;;;;;;;;
http://gauss.ru/product/konnektor-dlya-svetodiodnoj-lenty-rgb-1-500/;PC209200000;;;;;Gauss;;;;;;;;;;;;;;
http://gauss.ru/product/konnektor-dlya-svetodiodnoj-lenty-2835-60smd-5-sht-v-upak/;204200000;;;;;Gauss;;;;;;;;;;;;;;
http://gauss.ru/product/konnektor-dlya-svetodiodnoj-lenty-5050-i-2835-120smd-5-2-000/;205200000;;;;;Gauss;;;;;;;;;;;;;;
http://gauss.ru/product/konnektor-dlya-svetodiodnoj-lenty-s-vozmozhnostyu-izgiba-2835-60smd-3-sht-v-upak/;241200000;;;;;Gauss;;;;;;;;;;;;;;
http://gauss.ru/product/konnektor-dlya-svetodiodnoj-lenty-s-vozmozhnostyu-izgiba-5050-i-2835-120smd-3-sht-v-upak/;251200000;;;;;Gauss;;;;;;;;;;;;;;
http://gauss.ru/product/kontroller-dlya-rgb-288w-24a-s-sensornym-pultom-upravleniya-tsvetom-belyj/;201013288;;;;;Gauss;;;;;;;;;;;;;;
http://gauss.ru/product/lenta-led-2835-120-smd-9-6w-12v-dc-teplyj-belyj-blister-5m/;312000110;;;;;Gauss;;;;;;;;;;;;;;
http://gauss.ru/product/lenta-led-2835-120-smd-9-6w-12v-dc-teplyj-belyj-ip66-blister-5m/;311000110;;;;;Gauss;;;;;;;;;;;;;;
http://gauss.ru/product/lenta-led-2835-120-smd-9-6w-12v-dc-holodnyj-belyj-blister-5m/;312000310;;;;;Gauss;;;;;;;;;;;;;;
http://gauss.ru/product/lenta-led-2835-120-smd-9-6w-12v-dc-holodnyj-belyj-ip66-blister-5m/;311000310;;;;;Gauss;;;;;;;;;;;;;;
http://gauss.ru/product/lenta-led-2835-60-smd-4-8w-12v-dc-teplyj-belyj-blister-5m/;312000105;;;;;Gauss;;;;;;;;;;;;;;
http://gauss.ru/product/lenta-led-2835-60-smd-4-8w-12v-dc-teplyj-belyj-ip66-blister-5m/;311000105;;;;;Gauss;;;;;;;;;;;;;;
http://gauss.ru/product/lenta-led-2835-60-smd-4-8w-12v-dc-holodnyj-belyj-blister-5m/;312000305;;;;;Gauss;;;;;;;;;;;;;;
http://gauss.ru/product/lenta-led-2835-60-smd-4-8w-12v-dc-holodnyj-belyj-ip66-blister-5m/;311000305;;;;;Gauss;;;;;;;;;;;;;;
http://gauss.ru/product/lenta-led-5050-30-smd-7-2w-12v-dc-teplyj-belyj-blister-5m/;312000107;;;;;Gauss;;;;;;;;;;;;;;
http://gauss.ru/product/lenta-led-5050-30-smd-7-2w-12v-dc-teplyj-belyj-ip66-blister-5m/;311000107;;;;;Gauss;;;;;;;;;;;;;;
http://gauss.ru/product/lenta-led-5050-30-smd-7-2w-12v-dc-holodnyj-belyj-blister-5m/;312000307;;;;;Gauss;;;;;;;;;;;;;;
http://gauss.ru/product/lenta-led-5050-30-smd-7-2w-12v-dc-holodnyj-belyj-ip66-blister-5m/;311000307;;;;;Gauss;;;;;;;;;;;;;;
http://gauss.ru/product/lenta-led-5050-60-smd-14-4w-12v-dc-teplyj-belyj-blister-5m/;312000114;;;;;Gauss;;;;;;;;;;;;;;
http://gauss.ru/product/lenta-led-5050-60-smd-14-4w-12v-dc-teplyj-belyj-ip66-blister-5m/;311000114;;;;;Gauss;;;;;;;;;;;;;;
http://gauss.ru/product/lenta-led-5050-60-smd-14-4w-12v-dc-holodnyj-belyj-blister-5m/;312000314;;;;;Gauss;;;;;;;;;;;;;;
http://gauss.ru/product/lenta-led-5050-60-smd-14-4w-12v-dc-holodnyj-belyj-ip66-blister-5m/;311000314;;;;;Gauss;;;;;;;;;;;;;;
http://gauss.ru/product/lenta-led-5050-smd-7-2w-12v-dc-rgb-blister-5m/;312000407;;;;;Gauss;;;;;;;;;;;;;;
http://gauss.ru/product/lenta-led-5050-smd-7-2w-12v-dc-rgb-ip66-blister-5m/;311000407;;;;;Gauss;;;;;;;;;;;;;;
http://gauss.ru/product/lenta-led-5050-60-smd-14-4w-12v-dc-rgb-blister-5m/;312000414;;;;;Gauss;;;;;;;;;;;;;;
http://gauss.ru/product/lenta-led-5050-60-smd-14-4w-12v-dc-rgb-ip66-blister-5m/;311000414;;;;;Gauss;;;;;;;;;;;;;;
http://gauss.ru/product/lenta-led-2835-60-smd-4-8w-12v-dc-zelenyj-blister-5m/;312000605;;;;;Gauss;;;;;;;;;;;;;;
http://gauss.ru/product/lenta-led-2835-60-smd-4-8w-12v-dc-zelenyj-ip66-blister-5m/;311000605;;;;;Gauss;;;;;;;;;;;;;;
http://gauss.ru/product/lenta-led-2835-60-smd-4-8w-12v-dc-krasnyj-blister-5m/;312000705;;;;;Gauss;;;;;;;;;;;;;;
http://gauss.ru/product/lenta-led-2835-60-smd-4-8w-12v-dc-krasnyj-ip66-blister-5m/;311000705;;;;;Gauss;;;;;;;;;;;;;;
http://gauss.ru/product/lenta-led-2835-60-smd-4-8w-12v-dc-sinij-blister-5m/;312000505;;;;;Gauss;;;;;;;;;;;;;;
http://gauss.ru/product/lenta-led-2835-60-smd-4-8w-12v-dc-sinij-ip66-blister-5m/;311000505;;;;;Gauss;;;;;;;;;;;;;;
http://gauss.ru/product/umnaya-podsvetka/;311011105;;;5 Вт;;Gauss;;3 года;;;80;12V;;35 000;;;;;;
http://gauss.ru/product/umnaya-podsvetka-2/;311011205;;;5 Вт;;Gauss;;3 года;;;80;12V;;35 000;;;;;;
http://gauss.ru/product/gauss-led-elementary-a67/;73215;;E27;25 Вт;2700K;Elementary;;1 год;;2000;80;180-240V;67*143мм;25 000;;;;240°;;
http://gauss.ru/product/gauss-led-elementary-a67-2/;73225;;E27;25 Вт;4100K;Elementary;;1 год;;2100;80;180-240V;67*143мм;25 000;;;;240°;;
http://gauss.ru/product/gauss-led-elementary-a67-3/;73235;;E27;25 Вт;6500K;Elementary;;1 год;;2150;80;180-240V;67*143мм;25 000;;;;240°;;
http://gauss.ru/product/lampa-gauss-led-2/;102502110-S;шар;;10 Вт;2700K;Gauss;10;3 года;;880;;180-240V;60х113;35 000;;;;240°;;
http://gauss.ru/product/lampa-gauss-led/;102502110-T;шар;E27;10 Вт;;Gauss;10;3 года;;630;;180-240V;60х120;35 000;;;;240°;;
http://gauss.ru/product/7829/;102502210-S;шар;E27;10 Вт;4100K;Gauss;10;3 года;;;90;180-240V;;35 000;;;;240°;;
http://gauss.ru/product/gauss-led-a60-dimmable/;102502111-D;;E27;11 Вт;3000K;Gauss;;3 года;;960;90;150-265V;60x110mm;35 000;;;;240°;;
http://gauss.ru/product/gauss-led-a60/;102502211-D;;E27;11 Вт;4100K;Gauss;;3 года;;990;90;150-265V;60x110mm;35 000;;;;240°;;
http://gauss.ru/product/lampa-gauss-led-3/;103101107-S;свеча;E14;7 Вт;2700K;Gauss;10;3 года;;520;90;180-240V;38х110;35 000;;;;240°;;
http://gauss.ru/product/lampa-gauss-led-4/;103101207-S;свеча;E14;7 Вт;4100K;Gauss;10;3 года;;550;90;180-240V;38х110;35 000;;;;240°;;
http://gauss.ru/product/gauss-led-candle-7w-dimmable/;103101107-D;;E14;7 Вт;3000K;Gauss;;3 года;;560;90;150-265V;38*110;35 000;;;;240°;;
http://gauss.ru/product/gauss-led-candle-dimmable/;103101207-D;;E14;7 Вт;4100K;Gauss;;3 года;;590;90;150-265V;38*110;35 000;;;;240°;;
http://gauss.ru/product/lampa-gauss-led-5/;105102107-S;шар;E27;7 Вт;2700K;Gauss;10;3 года;;520;90;180-240V;45х80;35 000;;;;240°;-;
http://gauss.ru/product/lampa-gauss-led-6/;105102207-S;шар;E27;7 Вт;4100K;Gauss;10;3 года;;550;90;180-240V;45х80;35 000;;;;240°;;
http://gauss.ru/product/gauss-led-globe/;105101107-D;;E14;7 Вт;3000K;Gauss;;3 года;;560;90;150-265V;45*80;35 000;;;;240°;;
http://gauss.ru/product/gauss-led-globe-2/;105101207-D;;E14;7 Вт;4100K;Gauss;;3 года;;590;90;150-265V;45*80;35 000;;;;240°;;
http://gauss.ru/product/gauss-led-globe-3/;105102107-D;;E27;7 Вт;3000K;Gauss;;3 года;;560;90;150-265V;45*78;35 000;;;;240°;;
http://gauss.ru/product/gauss-led-globe-4/;105102207-D;;E27;7 Вт;4100K;Gauss;;3 года;;590;90;150-265V;45*78;35 000;;;;240°;;
http://gauss.ru/product/lampa-gauss-led-g4-12v/;207307104;капсулы;G4;4 Вт;2700K;;1/20/200;1 год;;400;90;12V;15.5*43;35 000;;;;320°;;
http://gauss.ru/product/lampa-gauss-led-g4-12v-2/;207307204;капсулы;G4;4 Вт;4100K;Gauss;1/20/200;1 год;G4;410;90;12V;15,5*43;35 000;;;;320°;;
http://gauss.ru/product/lampa/;107307104;капсулы;G4;4 Вт;2700K;Gauss;1/20/200;1 год;;400;90;;15.5* 43;;;;;;;
http://gauss.ru/product/lampa-gauss-led-g4-8/;107307204;капсулы;G4;4 Вт;4100K;Gauss;1/20/200;1 год;;410;90;185-265V;15,5*43;35 000;;;;;;
http://gauss.ru/product/lampa-gauss-led-g9-5w-2/;107309104;капсулы;G9;5 Вт;2700K;;1/20/200;1 год;;400;90;185-265V;16.8* 49;35 000;;;;320°;;
http://gauss.ru/product/lampa-gauss-led-g9-4w/;107309204;капсулы;G9;4 Вт;4100K;;1/20/200;1 год;;410;90;185-265V;16.8* 49;35 000;;;;320°;;
http://gauss.ru/product/lampa-gauss-led-g9-5w/;107309105;капсулы;G9;5 Вт;2700K;Gauss;1/20/200;1 год;;500;90;;19* 54;35 000;;;;320°;;
http://gauss.ru/product/lampa-gauss-led-7/;107309205;капсулы;G9;5 Вт;4100K;Gauss;1/10/200;1 год;G9;520;90;185-265V;ᴓ19*  54mm;;;;;320°;;
http://gauss.ru/product/lampa-gauss-led-2/;102502110-S;шар;;10 Вт;2700K;Gauss;10;3 года;;880;;180-240V;60х113;35 000;;;;240°;;
http://gauss.ru/product/7829/;102502210-S;шар;E27;10 Вт;4100K;Gauss;10;3 года;;;90;180-240V;;35 000;;;;240°;;
http://gauss.ru/product/lampa-gauss-led-filament-a60-8/;102802110;;E27;10 Вт;2700K;Gauss;1/10/40;3 года;;930;90;185-265V;60х105 мм;35 000;;;;360°;;
http://gauss.ru/product/lampa-gauss-led-filament-a60-9/;102802210;;E27;10 Вт;4100K;Gauss;1/10/40;3 года;;970;90;185-265V;60х105 мм;35 000;;;;360°;;
http://gauss.ru/product/8050/;102802108;;E27;8 Вт;2700K;Gauss;1/10/40;3 года;;740;90;185-265V;60х105 мм;35 000;;;;360°;;
http://gauss.ru/product/lampa-gauss-led-filament-a60-7/;102802208;;E27;8 Вт;4100K;Gauss;1/10/40;3 года;;780;90;185-265V;60х105 мм;35 000;;;;360°;;
http://gauss.ru/product/lampa-gauss-led-filament-a60-3/;102202110-D;;E27;10 Вт;2700K;;1/10/40;3 года;;820;90;185-265V;60х105 мм;35 000;;;;;;
http://gauss.ru/product/lampa-gauss-led-filament-a60-4/;102202210-D;;E27;10 Вт;4100K;Gauss;1/10/40;3 года;;860;90;185-265V;60х105 мм;35 000;;;;;;
http://gauss.ru/product/lampa-gauss-led-filament-candle-dimmable/;103801105-D;;E14;5 Вт;2700K;Gauss;1/10/50;3 года;;420;90;185-265V;35х97 мм;35 000;;;;;;
http://gauss.ru/product/lampa-gauss-led-filament-candle-dimmable-2/;103801205-D;;E14;5 Вт;4100K;Gauss;1/10/50;3 года;;450;90;185-265V;35х97 мм;35 000;;;;;;
http://gauss.ru/product/8019/;104801105-D;свеча на ветру;E14;5 Вт;2700K;Gauss;1/10/50;3 года;;420;90;185-265V;35х120 мм;35 000;;;;;;
http://gauss.ru/product/8023/;104801205-D;свеча на ветру;E14;5 Вт;4100K;Gauss;1/10/50;3 года;;450;90;185-265V;35х120 мм;35 000;;;;;;
http://gauss.ru/product/lampa-gauss-led-filament-globe-dimmable/;105802105-D;шар;E27;5 Вт;2700K;Gauss;1/10/50;3 года;;420;90;185-265V;45х80 мм;35 000;;;;;;
http://gauss.ru/product/lampa-gauss-led-filament-globe-dimmable-2/;105802205-D;шар;E27;5 Вт;4100K;Gauss;1/10/50;3 года;;450;90;185-265V;45х80 мм;35 000;;;;;;
http://gauss.ru/product/lampa-gauss-led-filament-a60-10/;102202110;;E27;10 Вт;2700K;Gauss;1/10/40;3 года;;820;90;185-265V;60х105 мм;35 000;;;;360°;;
http://gauss.ru/product/lampa-gauss-led-filament-a60-11/;102202210;;E27;10 Вт;4100K;Gauss;1/10/40;3 года;;860;90;185-265V;60х105 мм;35 000;;;;360°;;
